id,value,position,expiration,feed_id,created_at,updated_at,completed_at,location_id,group_id
1831290605,Open,,,628055,2016-12-08 18:02:47 UTC,2016-12-08 18:02:47 UTC,,,
1831291742,Open,,,628055,2016-12-08 18:02:57 UTC,2016-12-08 18:02:57 UTC,,,
1831292160,Closed,,,628055,2016-12-08 18:03:02 UTC,2016-12-08 18:03:02 UTC,,,
1831292891,Open,,,628055,2016-12-08 18:03:09 UTC,2016-12-08 18:03:09 UTC,,,
1831295139,Open,,,628055,2016-12-08 18:03:30 UTC,2016-12-08 18:03:30 UTC,,,
1831290408,Closed,,,628055,2016-12-08 18:02:45 UTC,2016-12-08 18:02:45 UTC,,,
1831297493,Open,,,628055,2016-12-08 18:03:52 UTC,2016-12-08 18:03:52 UTC,,,
1831298562,Open,,,628055,2016-12-08 18:04:02 UTC,2016-12-08 18:04:02 UTC,,,
1831299675,Open,,,628055,2016-12-08 18:04:13 UTC,2016-12-08 18:04:13 UTC,,,
1831300888,Open,,,628055,2016-12-08 18:04:23 UTC,2016-12-08 18:04:23 UTC,,,
1831301949,Open,,,628055,2016-12-08 18:04:34 UTC,2016-12-08 18:04:34 UTC,,,
1831296359,Open,,,628055,2016-12-08 18:03:41 UTC,2016-12-08 18:03:41 UTC,,,
1831308956,Closed,,,628055,2016-12-08 18:05:40 UTC,2016-12-08 18:05:40 UTC,,,
1831309122,Open,,,628055,2016-12-08 18:05:41 UTC,2016-12-08 18:05:41 UTC,,,
1831310283,Closed,,,628055,2016-12-08 18:05:51 UTC,2016-12-08 18:05:51 UTC,,,
1831310409,Open,,,628055,2016-12-08 18:05:53 UTC,2016-12-08 18:05:53 UTC,,,
1831303112,Open,,,628055,2016-12-08 18:04:44 UTC,2016-12-08 18:04:44 UTC,,,
1831304239,Open,,,628055,2016-12-08 18:04:55 UTC,2016-12-08 18:04:55 UTC,,,
1831305782,Open,,,628055,2016-12-08 18:05:11 UTC,2016-12-08 18:05:11 UTC,,,
1831305912,Closed,,,628055,2016-12-08 18:05:11 UTC,2016-12-08 18:05:11 UTC,,,
1831307059,Closed,,,628055,2016-12-08 18:05:22 UTC,2016-12-08 18:05:22 UTC,,,
1831308016,Open,,,628055,2016-12-08 18:05:31 UTC,2016-12-08 18:05:31 UTC,,,
1831317133,Open,,,628055,2016-12-08 18:06:55 UTC,2016-12-08 18:06:55 UTC,,,
1831318218,Open,,,628055,2016-12-08 18:07:05 UTC,2016-12-08 18:07:05 UTC,,,
1831319244,Open,,,628055,2016-12-08 18:07:15 UTC,2016-12-08 18:07:15 UTC,,,
1831311501,Open,,,628055,2016-12-08 18:06:03 UTC,2016-12-08 18:06:03 UTC,,,
1831312619,Open,,,628055,2016-12-08 18:06:13 UTC,2016-12-08 18:06:13 UTC,,,
1831313156,Closed,,,628055,2016-12-08 18:06:18 UTC,2016-12-08 18:06:18 UTC,,,
1831313802,Open,,,628055,2016-12-08 18:06:24 UTC,2016-12-08 18:06:24 UTC,,,
1831314888,Open,,,628055,2016-12-08 18:06:34 UTC,2016-12-08 18:06:34 UTC,,,
1831315357,Closed,,,628055,2016-12-08 18:06:39 UTC,2016-12-08 18:06:39 UTC,,,
1831316027,Open,,,628055,2016-12-08 18:06:44 UTC,2016-12-08 18:06:44 UTC,,,
1831325903,Open,,,628055,2016-12-08 18:08:17 UTC,2016-12-08 18:08:17 UTC,,,
1831327034,Open,,,628055,2016-12-08 18:08:28 UTC,2016-12-08 18:08:28 UTC,,,
1831320340,Open,,,628055,2016-12-08 18:07:26 UTC,2016-12-08 18:07:26 UTC,,,
1831321436,Open,,,628055,2016-12-08 18:07:36 UTC,2016-12-08 18:07:36 UTC,,,
1831322627,Open,,,628055,2016-12-08 18:07:47 UTC,2016-12-08 18:07:47 UTC,,,
1831323739,Open,,,628055,2016-12-08 18:07:57 UTC,2016-12-08 18:07:57 UTC,,,
1831324843,Open,,,628055,2016-12-08 18:08:07 UTC,2016-12-08 18:08:07 UTC,,,
1831333001,Open,,,628055,2016-12-08 18:09:24 UTC,2016-12-08 18:09:24 UTC,,,
1831334051,Open,,,628055,2016-12-08 18:09:35 UTC,2016-12-08 18:09:35 UTC,,,
1831335313,Open,,,628055,2016-12-08 18:09:46 UTC,2016-12-08 18:09:46 UTC,,,
1831328049,Open,,,628055,2016-12-08 18:08:38 UTC,2016-12-08 18:08:38 UTC,,,
1831329205,Open,,,628055,2016-12-08 18:08:48 UTC,2016-12-08 18:08:48 UTC,,,
1831330249,Open,,,628055,2016-12-08 18:08:58 UTC,2016-12-08 18:08:58 UTC,,,
1831331317,Open,,,628055,2016-12-08 18:09:08 UTC,2016-12-08 18:09:08 UTC,,,
1831336476,Open,,,628055,2016-12-08 18:09:57 UTC,2016-12-08 18:09:57 UTC,,,
1831337626,Open,,,628055,2016-12-08 18:10:08 UTC,2016-12-08 18:10:08 UTC,,,
1831337892,Closed,,,628055,2016-12-08 18:10:11 UTC,2016-12-08 18:10:11 UTC,,,
1831338985,Open,,,628055,2016-12-08 18:10:21 UTC,2016-12-08 18:10:21 UTC,,,
1831339137,Closed,,,628055,2016-12-08 18:10:22 UTC,2016-12-08 18:10:22 UTC,,,
1831340153,Open,,,628055,2016-12-08 18:10:32 UTC,2016-12-08 18:10:32 UTC,,,
1831340277,Closed,,,628055,2016-12-08 18:10:33 UTC,2016-12-08 18:10:33 UTC,,,
1831341263,Open,,,628055,2016-12-08 18:10:43 UTC,2016-12-08 18:10:43 UTC,,,
1831341555,Closed,,,628055,2016-12-08 18:10:45 UTC,2016-12-08 18:10:45 UTC,,,
1831343050,Open,,,628055,2016-12-08 18:11:01 UTC,2016-12-08 18:11:01 UTC,,,
1831343340,Closed,,,628055,2016-12-08 18:11:03 UTC,2016-12-08 18:11:03 UTC,,,
1831346709,Closed,,,628055,2016-12-08 18:11:35 UTC,2016-12-08 18:11:35 UTC,,,
1831347824,Closed,,,628055,2016-12-08 18:11:46 UTC,2016-12-08 18:11:46 UTC,,,
1831348886,Closed,,,628055,2016-12-08 18:11:56 UTC,2016-12-08 18:11:56 UTC,,,
1831349565,Open,,,628055,2016-12-08 18:12:02 UTC,2016-12-08 18:12:02 UTC,,,
1831350032,Closed,,,628055,2016-12-08 18:12:06 UTC,2016-12-08 18:12:06 UTC,,,
1831351082,Closed,,,628055,2016-12-08 18:12:16 UTC,2016-12-08 18:12:16 UTC,,,
1831352189,Closed,,,628055,2016-12-08 18:12:26 UTC,2016-12-08 18:12:26 UTC,,,
1831345629,Closed,,,628055,2016-12-08 18:11:25 UTC,2016-12-08 18:11:25 UTC,,,
1831360298,Closed,,,628055,2016-12-08 18:13:44 UTC,2016-12-08 18:13:44 UTC,,,
1831361405,Closed,,,628055,2016-12-08 18:13:54 UTC,2016-12-08 18:13:54 UTC,,,
1831354903,Closed,,,628055,2016-12-08 18:12:53 UTC,2016-12-08 18:12:53 UTC,,,
1831355178,Open,,,628055,2016-12-08 18:12:55 UTC,2016-12-08 18:12:55 UTC,,,
1831355967,Closed,,,628055,2016-12-08 18:13:03 UTC,2016-12-08 18:13:03 UTC,,,
1831357063,Closed,,,628055,2016-12-08 18:13:13 UTC,2016-12-08 18:13:13 UTC,,,
1831358146,Closed,,,628055,2016-12-08 18:13:23 UTC,2016-12-08 18:13:23 UTC,,,
1831359208,Closed,,,628055,2016-12-08 18:13:34 UTC,2016-12-08 18:13:34 UTC,,,
1831362436,Closed,,,628055,2016-12-08 18:14:04 UTC,2016-12-08 18:14:04 UTC,,,
1831363520,Closed,,,628055,2016-12-08 18:14:14 UTC,2016-12-08 18:14:14 UTC,,,
1831364557,Closed,,,628055,2016-12-08 18:14:24 UTC,2016-12-08 18:14:24 UTC,,,
1831365642,Closed,,,628055,2016-12-08 18:14:34 UTC,2016-12-08 18:14:34 UTC,,,
1831375982,Closed,,,628055,2016-12-08 18:16:11 UTC,2016-12-08 18:16:11 UTC,,,
1831377125,Closed,,,628055,2016-12-08 18:16:22 UTC,2016-12-08 18:16:22 UTC,,,
1831378241,Closed,,,628055,2016-12-08 18:16:32 UTC,2016-12-08 18:16:32 UTC,,,
1831379346,Open,,,628055,2016-12-08 18:16:42 UTC,2016-12-08 18:16:42 UTC,,,
1831372573,Closed,,,628055,2016-12-08 18:15:41 UTC,2016-12-08 18:15:41 UTC,,,
1831373712,Closed,,,628055,2016-12-08 18:15:51 UTC,2016-12-08 18:15:51 UTC,,,
1831374423,Open,,,628055,2016-12-08 18:15:57 UTC,2016-12-08 18:15:57 UTC,,,
1831374833,Closed,,,628055,2016-12-08 18:16:01 UTC,2016-12-08 18:16:01 UTC,,,
1831382321,Closed,,,628055,2016-12-08 18:17:10 UTC,2016-12-08 18:17:10 UTC,,,
1831383419,Closed,,,628055,2016-12-08 18:17:21 UTC,2016-12-08 18:17:21 UTC,,,
1831384587,Closed,,,628055,2016-12-08 18:17:31 UTC,2016-12-08 18:17:31 UTC,,,
1831385611,Closed,,,628055,2016-12-08 18:17:41 UTC,2016-12-08 18:17:41 UTC,,,
1831386720,Closed,,,628055,2016-12-08 18:17:52 UTC,2016-12-08 18:17:52 UTC,,,
1831387794,Closed,,,628055,2016-12-08 18:18:02 UTC,2016-12-08 18:18:02 UTC,,,
1831380178,Closed,,,628055,2016-12-08 18:16:50 UTC,2016-12-08 18:16:50 UTC,,,
1831381248,Closed,,,628055,2016-12-08 18:17:00 UTC,2016-12-08 18:17:00 UTC,,,
1831390010,Closed,,,628055,2016-12-08 18:18:22 UTC,2016-12-08 18:18:22 UTC,,,
1831391161,Closed,,,628055,2016-12-08 18:18:33 UTC,2016-12-08 18:18:33 UTC,,,
1831392214,Closed,,,628055,2016-12-08 18:18:43 UTC,2016-12-08 18:18:43 UTC,,,
1831393274,Closed,,,628055,2016-12-08 18:18:53 UTC,2016-12-08 18:18:53 UTC,,,
1831394358,Closed,,,628055,2016-12-08 18:19:03 UTC,2016-12-08 18:19:03 UTC,,,
1831395433,Closed,,,628055,2016-12-08 18:19:13 UTC,2016-12-08 18:19:13 UTC,,,
1831396505,Closed,,,628055,2016-12-08 18:19:23 UTC,2016-12-08 18:19:23 UTC,,,
1831388933,Closed,,,628055,2016-12-08 18:18:12 UTC,2016-12-08 18:18:12 UTC,,,
1831404230,Closed,,,628055,2016-12-08 18:20:35 UTC,2016-12-08 18:20:35 UTC,,,
1831405307,Closed,,,628055,2016-12-08 18:20:45 UTC,2016-12-08 18:20:45 UTC,,,
1831406389,Closed,,,628055,2016-12-08 18:20:55 UTC,2016-12-08 18:20:55 UTC,,,
1831397586,Closed,,,628055,2016-12-08 18:19:34 UTC,2016-12-08 18:19:34 UTC,,,
1831398700,Closed,,,628055,2016-12-08 18:19:44 UTC,2016-12-08 18:19:44 UTC,,,
1831399781,Closed,,,628055,2016-12-08 18:19:54 UTC,2016-12-08 18:19:54 UTC,,,
1831400898,Closed,,,628055,2016-12-08 18:20:04 UTC,2016-12-08 18:20:04 UTC,,,
1831402064,Closed,,,628055,2016-12-08 18:20:14 UTC,2016-12-08 18:20:14 UTC,,,
1831403150,Closed,,,628055,2016-12-08 18:20:25 UTC,2016-12-08 18:20:25 UTC,,,
1831410707,Closed,,,628055,2016-12-08 18:21:36 UTC,2016-12-08 18:21:36 UTC,,,
1831411796,Closed,,,628055,2016-12-08 18:21:46 UTC,2016-12-08 18:21:46 UTC,,,
1831412852,Closed,,,628055,2016-12-08 18:21:57 UTC,2016-12-08 18:21:57 UTC,,,
1831413953,Closed,,,628055,2016-12-08 18:22:07 UTC,2016-12-08 18:22:07 UTC,,,
1831415062,Closed,,,628055,2016-12-08 18:22:17 UTC,2016-12-08 18:22:17 UTC,,,
1831407450,Closed,,,628055,2016-12-08 18:21:05 UTC,2016-12-08 18:21:05 UTC,,,
1831408532,Closed,,,628055,2016-12-08 18:21:16 UTC,2016-12-08 18:21:16 UTC,,,
1831409677,Closed,,,628055,2016-12-08 18:21:26 UTC,2016-12-08 18:21:26 UTC,,,
1831423836,Closed,,,628055,2016-12-08 18:23:42 UTC,2016-12-08 18:23:42 UTC,,,
1831418468,Closed,,,628055,2016-12-08 18:22:51 UTC,2016-12-08 18:22:51 UTC,,,
1831419568,Closed,,,628055,2016-12-08 18:23:01 UTC,2016-12-08 18:23:01 UTC,,,
1831420672,Closed,,,628055,2016-12-08 18:23:11 UTC,2016-12-08 18:23:11 UTC,,,
1831421768,Closed,,,628055,2016-12-08 18:23:22 UTC,2016-12-08 18:23:22 UTC,,,
1831422795,Closed,,,628055,2016-12-08 18:23:32 UTC,2016-12-08 18:23:32 UTC,,,
1831425965,Closed,,,628055,2016-12-08 18:24:02 UTC,2016-12-08 18:24:02 UTC,,,
1831427117,Closed,,,628055,2016-12-08 18:24:12 UTC,2016-12-08 18:24:12 UTC,,,
1831430339,Closed,,,628055,2016-12-08 18:24:44 UTC,2016-12-08 18:24:44 UTC,,,
1831431438,Closed,,,628055,2016-12-08 18:24:55 UTC,2016-12-08 18:24:55 UTC,,,
1831432590,Closed,,,628055,2016-12-08 18:25:05 UTC,2016-12-08 18:25:05 UTC,,,
1831424916,Closed,,,628055,2016-12-08 18:23:52 UTC,2016-12-08 18:23:52 UTC,,,
1831441328,Closed,,,628055,2016-12-08 18:26:27 UTC,2016-12-08 18:26:27 UTC,,,
1831442381,Closed,,,628055,2016-12-08 18:26:37 UTC,2016-12-08 18:26:37 UTC,,,
1831433782,Closed,,,628055,2016-12-08 18:25:17 UTC,2016-12-08 18:25:17 UTC,,,
1831434871,Closed,,,628055,2016-12-08 18:25:27 UTC,2016-12-08 18:25:27 UTC,,,
1831435936,Closed,,,628055,2016-12-08 18:25:37 UTC,2016-12-08 18:25:37 UTC,,,
1831437001,Closed,,,628055,2016-12-08 18:25:47 UTC,2016-12-08 18:25:47 UTC,,,
1831438024,Closed,,,628055,2016-12-08 18:25:57 UTC,2016-12-08 18:25:57 UTC,,,
1831439116,Closed,,,628055,2016-12-08 18:26:07 UTC,2016-12-08 18:26:07 UTC,,,
1831440259,Closed,,,628055,2016-12-08 18:26:17 UTC,2016-12-08 18:26:17 UTC,,,
1831451859,Closed,,,628055,2016-12-08 18:28:06 UTC,2016-12-08 18:28:06 UTC,,,
1831443538,Closed,,,628055,2016-12-08 18:26:48 UTC,2016-12-08 18:26:48 UTC,,,
1831444759,Closed,,,628055,2016-12-08 18:26:59 UTC,2016-12-08 18:26:59 UTC,,,
1831447520,Closed,,,628055,2016-12-08 18:27:25 UTC,2016-12-08 18:27:25 UTC,,,
1831448596,Closed,,,628055,2016-12-08 18:27:35 UTC,2016-12-08 18:27:35 UTC,,,
1831449697,Closed,,,628055,2016-12-08 18:27:46 UTC,2016-12-08 18:27:46 UTC,,,
1831450762,Closed,,,628055,2016-12-08 18:27:56 UTC,2016-12-08 18:27:56 UTC,,,
1831457350,Closed,,,628055,2016-12-08 18:28:57 UTC,2016-12-08 18:28:57 UTC,,,
1831458468,Closed,,,628055,2016-12-08 18:29:07 UTC,2016-12-08 18:29:07 UTC,,,
1831459594,Closed,,,628055,2016-12-08 18:29:17 UTC,2016-12-08 18:29:17 UTC,,,
1831460720,Closed,,,628055,2016-12-08 18:29:28 UTC,2016-12-08 18:29:28 UTC,,,
1831452762,Open,,,628055,2016-12-08 18:28:13 UTC,2016-12-08 18:28:13 UTC,,,
1831453006,Closed,,,628055,2016-12-08 18:28:16 UTC,2016-12-08 18:28:16 UTC,,,
1831454124,Closed,,,628055,2016-12-08 18:28:26 UTC,2016-12-08 18:28:26 UTC,,,
1831455199,Closed,,,628055,2016-12-08 18:28:37 UTC,2016-12-08 18:28:37 UTC,,,
1831456279,Closed,,,628055,2016-12-08 18:28:47 UTC,2016-12-08 18:28:47 UTC,,,
1831466309,Closed,,,628055,2016-12-08 18:30:19 UTC,2016-12-08 18:30:19 UTC,,,
1831467537,Closed,,,628055,2016-12-08 18:30:30 UTC,2016-12-08 18:30:30 UTC,,,
1831468643,Closed,,,628055,2016-12-08 18:30:41 UTC,2016-12-08 18:30:41 UTC,,,
1831469757,Closed,,,628055,2016-12-08 18:30:51 UTC,2016-12-08 18:30:51 UTC,,,
1831461724,Closed,,,628055,2016-12-08 18:29:38 UTC,2016-12-08 18:29:38 UTC,,,
1831462823,Closed,,,628055,2016-12-08 18:29:48 UTC,2016-12-08 18:29:48 UTC,,,
1831463394,Open,,,628055,2016-12-08 18:29:53 UTC,2016-12-08 18:29:53 UTC,,,
1831463931,Closed,,,628055,2016-12-08 18:29:58 UTC,2016-12-08 18:29:58 UTC,,,
1831465146,Closed,,,628055,2016-12-08 18:30:09 UTC,2016-12-08 18:30:09 UTC,,,
1831473118,Closed,,,628055,2016-12-08 18:31:22 UTC,2016-12-08 18:31:22 UTC,,,
1831474208,Closed,,,628055,2016-12-08 18:31:32 UTC,2016-12-08 18:31:32 UTC,,,
1831475252,Closed,,,628055,2016-12-08 18:31:42 UTC,2016-12-08 18:31:42 UTC,,,
1831476378,Closed,,,628055,2016-12-08 18:31:52 UTC,2016-12-08 18:31:52 UTC,,,
1831477519,Closed,,,628055,2016-12-08 18:32:02 UTC,2016-12-08 18:32:02 UTC,,,
1831478656,Closed,,,628055,2016-12-08 18:32:13 UTC,2016-12-08 18:32:13 UTC,,,
1831470860,Closed,,,628055,2016-12-08 18:31:01 UTC,2016-12-08 18:31:01 UTC,,,
1831471947,Closed,,,628055,2016-12-08 18:31:12 UTC,2016-12-08 18:31:12 UTC,,,
1831487454,Closed,,,628055,2016-12-08 18:33:35 UTC,2016-12-08 18:33:35 UTC,,,
1831479882,Closed,,,628055,2016-12-08 18:32:24 UTC,2016-12-08 18:32:24 UTC,,,
1831480938,Closed,,,628055,2016-12-08 18:32:34 UTC,2016-12-08 18:32:34 UTC,,,
1831481998,Closed,,,628055,2016-12-08 18:32:45 UTC,2016-12-08 18:32:45 UTC,,,
1831483025,Closed,,,628055,2016-12-08 18:32:55 UTC,2016-12-08 18:32:55 UTC,,,
1831484099,Closed,,,628055,2016-12-08 18:33:05 UTC,2016-12-08 18:33:05 UTC,,,
1831485235,Closed,,,628055,2016-12-08 18:33:15 UTC,2016-12-08 18:33:15 UTC,,,
1831486363,Closed,,,628055,2016-12-08 18:33:25 UTC,2016-12-08 18:33:25 UTC,,,
1831492874,Closed,,,628055,2016-12-08 18:34:26 UTC,2016-12-08 18:34:26 UTC,,,
1831493898,Closed,,,628055,2016-12-08 18:34:36 UTC,2016-12-08 18:34:36 UTC,,,
1831494973,Closed,,,628055,2016-12-08 18:34:47 UTC,2016-12-08 18:34:47 UTC,,,
1831496070,Closed,,,628055,2016-12-08 18:34:57 UTC,2016-12-08 18:34:57 UTC,,,
1831497194,Closed,,,628055,2016-12-08 18:35:07 UTC,2016-12-08 18:35:07 UTC,,,
1831488463,Closed,,,628055,2016-12-08 18:33:46 UTC,2016-12-08 18:33:46 UTC,,,
1831489521,Closed,,,628055,2016-12-08 18:33:56 UTC,2016-12-08 18:33:56 UTC,,,
1831490659,Closed,,,628055,2016-12-08 18:34:06 UTC,2016-12-08 18:34:06 UTC,,,
1831491771,Closed,,,628055,2016-12-08 18:34:16 UTC,2016-12-08 18:34:16 UTC,,,
1831503756,Closed,,,628055,2016-12-08 18:36:07 UTC,2016-12-08 18:36:07 UTC,,,
1831505964,Closed,,,628055,2016-12-08 18:36:28 UTC,2016-12-08 18:36:28 UTC,,,
1831504871,Closed,,,628055,2016-12-08 18:36:18 UTC,2016-12-08 18:36:18 UTC,,,
1831498302,Closed,,,628055,2016-12-08 18:35:17 UTC,2016-12-08 18:35:17 UTC,,,
1831499445,Closed,,,628055,2016-12-08 18:35:27 UTC,2016-12-08 18:35:27 UTC,,,
1831500498,Closed,,,628055,2016-12-08 18:35:37 UTC,2016-12-08 18:35:37 UTC,,,
1831501533,Closed,,,628055,2016-12-08 18:35:47 UTC,2016-12-08 18:35:47 UTC,,,
1831502603,Closed,,,628055,2016-12-08 18:35:57 UTC,2016-12-08 18:35:57 UTC,,,
1831508060,Closed,,,628055,2016-12-08 18:36:48 UTC,2016-12-08 18:36:48 UTC,,,
1831509138,Closed,,,628055,2016-12-08 18:36:58 UTC,2016-12-08 18:36:58 UTC,,,
1831510235,Closed,,,628055,2016-12-08 18:37:08 UTC,2016-12-08 18:37:08 UTC,,,
1831511333,Closed,,,628055,2016-12-08 18:37:18 UTC,2016-12-08 18:37:18 UTC,,,
1831512484,Closed,,,628055,2016-12-08 18:37:29 UTC,2016-12-08 18:37:29 UTC,,,
1831513651,Closed,,,628055,2016-12-08 18:37:40 UTC,2016-12-08 18:37:40 UTC,,,
1831514041,Open,,,628055,2016-12-08 18:37:44 UTC,2016-12-08 18:37:44 UTC,,,
1831507000,Closed,,,628055,2016-12-08 18:36:38 UTC,2016-12-08 18:36:38 UTC,,,
1831520556,Open,,,628055,2016-12-08 18:38:45 UTC,2016-12-08 18:38:45 UTC,,,
1831521614,Open,,,628055,2016-12-08 18:38:55 UTC,2016-12-08 18:38:55 UTC,,,
1831522682,Open,,,628055,2016-12-08 18:39:05 UTC,2016-12-08 18:39:05 UTC,,,
1831515095,Open,,,628055,2016-12-08 18:37:54 UTC,2016-12-08 18:37:54 UTC,,,
1831516185,Open,,,628055,2016-12-08 18:38:04 UTC,2016-12-08 18:38:04 UTC,,,
1831517316,Open,,,628055,2016-12-08 18:38:14 UTC,2016-12-08 18:38:14 UTC,,,
1831518432,Open,,,628055,2016-12-08 18:38:24 UTC,2016-12-08 18:38:24 UTC,,,
1831519520,Open,,,628055,2016-12-08 18:38:35 UTC,2016-12-08 18:38:35 UTC,,,
1831525989,Open,,,628055,2016-12-08 18:39:36 UTC,2016-12-08 18:39:36 UTC,,,
1831527039,Open,,,628055,2016-12-08 18:39:46 UTC,2016-12-08 18:39:46 UTC,,,
1831528075,Open,,,628055,2016-12-08 18:39:56 UTC,2016-12-08 18:39:56 UTC,,,
1831529414,Open,,,628055,2016-12-08 18:40:10 UTC,2016-12-08 18:40:10 UTC,,,
1831530768,Open,,,628055,2016-12-08 18:40:24 UTC,2016-12-08 18:40:24 UTC,,,
1831523790,Open,,,628055,2016-12-08 18:39:16 UTC,2016-12-08 18:39:16 UTC,,,
1831524926,Open,,,628055,2016-12-08 18:39:26 UTC,2016-12-08 18:39:26 UTC,,,
1831533331,Open,,,628055,2016-12-08 18:40:45 UTC,2016-12-08 18:40:45 UTC,,,
1831534393,Open,,,628055,2016-12-08 18:40:55 UTC,2016-12-08 18:40:55 UTC,,,
1831535427,Open,,,628055,2016-12-08 18:41:06 UTC,2016-12-08 18:41:06 UTC,,,
1831536493,Open,,,628055,2016-12-08 18:41:16 UTC,2016-12-08 18:41:16 UTC,,,
1831537689,Open,,,628055,2016-12-08 18:41:26 UTC,2016-12-08 18:41:26 UTC,,,
1831538807,Open,,,628055,2016-12-08 18:41:36 UTC,2016-12-08 18:41:36 UTC,,,
1831532287,Open,,,628055,2016-12-08 18:40:35 UTC,2016-12-08 18:40:35 UTC,,,
1831543091,Open,,,628055,2016-12-08 18:42:17 UTC,2016-12-08 18:42:17 UTC,,,
1831544192,Open,,,628055,2016-12-08 18:42:27 UTC,2016-12-08 18:42:27 UTC,,,
1831545266,Open,,,628055,2016-12-08 18:42:38 UTC,2016-12-08 18:42:38 UTC,,,
1831546314,Open,,,628055,2016-12-08 18:42:48 UTC,2016-12-08 18:42:48 UTC,,,
1831547369,Open,,,628055,2016-12-08 18:42:58 UTC,2016-12-08 18:42:58 UTC,,,
1831539898,Open,,,628055,2016-12-08 18:41:47 UTC,2016-12-08 18:41:47 UTC,,,
1831540921,Open,,,628055,2016-12-08 18:41:57 UTC,2016-12-08 18:41:57 UTC,,,
1831541996,Open,,,628055,2016-12-08 18:42:07 UTC,2016-12-08 18:42:07 UTC,,,
1831550671,Open,,,628055,2016-12-08 18:43:29 UTC,2016-12-08 18:43:29 UTC,,,
1831550821,Closed,,,628055,2016-12-08 18:43:30 UTC,2016-12-08 18:43:30 UTC,,,
1831551970,Closed,,,628055,2016-12-08 18:43:41 UTC,2016-12-08 18:43:41 UTC,,,
1831552974,Closed,,,628055,2016-12-08 18:43:51 UTC,2016-12-08 18:43:51 UTC,,,
1831553504,Open,,,628055,2016-12-08 18:43:56 UTC,2016-12-08 18:43:56 UTC,,,
1831554627,Open,,,628055,2016-12-08 18:44:06 UTC,2016-12-08 18:44:06 UTC,,,
1831555689,Open,,,628055,2016-12-08 18:44:16 UTC,2016-12-08 18:44:16 UTC,,,
1831548429,Open,,,628055,2016-12-08 18:43:08 UTC,2016-12-08 18:43:08 UTC,,,
1831549540,Open,,,628055,2016-12-08 18:43:18 UTC,2016-12-08 18:43:18 UTC,,,
1831556755,Open,,,628055,2016-12-08 18:44:26 UTC,2016-12-08 18:44:26 UTC,,,
1831557844,Open,,,628055,2016-12-08 18:44:37 UTC,2016-12-08 18:44:37 UTC,,,
1831558908,Open,,,628055,2016-12-08 18:44:47 UTC,2016-12-08 18:44:47 UTC,,,
1831559944,Open,,,628055,2016-12-08 18:44:57 UTC,2016-12-08 18:44:57 UTC,,,
1831561128,Open,,,628055,2016-12-08 18:45:09 UTC,2016-12-08 18:45:09 UTC,,,
1831572100,Closed,,,628055,2016-12-08 18:46:50 UTC,2016-12-08 18:46:50 UTC,,,
1831572776,Open,,,628055,2016-12-08 18:46:56 UTC,2016-12-08 18:46:56 UTC,,,
1831567019,Open,,,628055,2016-12-08 18:46:04 UTC,2016-12-08 18:46:04 UTC,,,
1831568264,Open,,,628055,2016-12-08 18:46:14 UTC,2016-12-08 18:46:14 UTC,,,
1831569383,Open,,,628055,2016-12-08 18:46:24 UTC,2016-12-08 18:46:24 UTC,,,
1831570525,Open,,,628055,2016-12-08 18:46:35 UTC,2016-12-08 18:46:35 UTC,,,
1831570788,Closed,,,628055,2016-12-08 18:46:37 UTC,2016-12-08 18:46:37 UTC,,,
1831571677,Open,,,628055,2016-12-08 18:46:46 UTC,2016-12-08 18:46:46 UTC,,,
1828534028,Closed,,,628055,2016-12-08 10:35:27 UTC,2016-12-08 10:35:27 UTC,,,
1828536228,Closed,,,628055,2016-12-08 10:35:48 UTC,2016-12-08 10:35:48 UTC,,,
1828535189,Closed,,,628055,2016-12-08 10:35:38 UTC,2016-12-08 10:35:38 UTC,,,
1828531245,Closed,,,628055,2016-12-08 10:34:59 UTC,2016-12-08 10:34:59 UTC,,,
1828532799,Closed,,,628055,2016-12-08 10:35:15 UTC,2016-12-08 10:35:15 UTC,,,
1828539884,Closed,,,628055,2016-12-08 10:36:23 UTC,2016-12-08 10:36:23 UTC,,,
1828541128,Closed,,,628055,2016-12-08 10:36:35 UTC,2016-12-08 10:36:35 UTC,,,
1828542318,Closed,,,628055,2016-12-08 10:36:47 UTC,2016-12-08 10:36:47 UTC,,,
1828543620,Closed,,,628055,2016-12-08 10:36:59 UTC,2016-12-08 10:36:59 UTC,,,
1828537588,Closed,,,628055,2016-12-08 10:36:00 UTC,2016-12-08 10:36:00 UTC,,,
1828538823,Closed,,,628055,2016-12-08 10:36:13 UTC,2016-12-08 10:36:13 UTC,,,
1828551065,Closed,,,628055,2016-12-08 10:38:12 UTC,2016-12-08 10:38:12 UTC,,,
1828552282,Closed,,,628055,2016-12-08 10:38:24 UTC,2016-12-08 10:38:24 UTC,,,
1828553411,Closed,,,628055,2016-12-08 10:38:35 UTC,2016-12-08 10:38:35 UTC,,,
1828544848,Closed,,,628055,2016-12-08 10:37:11 UTC,2016-12-08 10:37:11 UTC,,,
1828546097,Closed,,,628055,2016-12-08 10:37:23 UTC,2016-12-08 10:37:23 UTC,,,
1828547310,Closed,,,628055,2016-12-08 10:37:36 UTC,2016-12-08 10:37:36 UTC,,,
1828548482,Closed,,,628055,2016-12-08 10:37:47 UTC,2016-12-08 10:37:47 UTC,,,
1828549787,Closed,,,628055,2016-12-08 10:37:59 UTC,2016-12-08 10:37:59 UTC,,,
1828554589,Closed,,,628055,2016-12-08 10:38:47 UTC,2016-12-08 10:38:47 UTC,,,
1828555961,Closed,,,628055,2016-12-08 10:39:00 UTC,2016-12-08 10:39:00 UTC,,,
1828557036,Closed,,,628055,2016-12-08 10:39:10 UTC,2016-12-08 10:39:10 UTC,,,
1828561074,Closed,,,628055,2016-12-08 10:39:50 UTC,2016-12-08 10:39:50 UTC,,,
1828562335,Closed,,,628055,2016-12-08 10:40:02 UTC,2016-12-08 10:40:02 UTC,,,
1828563632,Closed,,,628055,2016-12-08 10:40:14 UTC,2016-12-08 10:40:14 UTC,,,
1828564679,Closed,,,628055,2016-12-08 10:40:25 UTC,2016-12-08 10:40:25 UTC,,,
1828567986,Closed,,,628055,2016-12-08 10:40:57 UTC,2016-12-08 10:40:57 UTC,,,
1828569150,Closed,,,628055,2016-12-08 10:41:08 UTC,2016-12-08 10:41:08 UTC,,,
1828570342,Closed,,,628055,2016-12-08 10:41:20 UTC,2016-12-08 10:41:20 UTC,,,
1828565742,Closed,,,628055,2016-12-08 10:40:35 UTC,2016-12-08 10:40:35 UTC,,,
1828566736,Closed,,,628055,2016-12-08 10:40:45 UTC,2016-12-08 10:40:45 UTC,,,
1828571593,Closed,,,628055,2016-12-08 10:41:33 UTC,2016-12-08 10:41:33 UTC,,,
1828571792,Open,,,628055,2016-12-08 10:41:35 UTC,2016-12-08 10:41:35 UTC,,,
1828572795,Closed,,,628055,2016-12-08 10:41:44 UTC,2016-12-08 10:41:44 UTC,,,
1828573018,Open,,,628055,2016-12-08 10:41:47 UTC,2016-12-08 10:41:47 UTC,,,
1828574060,Closed,,,628055,2016-12-08 10:41:56 UTC,2016-12-08 10:41:56 UTC,,,
1828575356,Closed,,,628055,2016-12-08 10:42:09 UTC,2016-12-08 10:42:09 UTC,,,
1828576609,Closed,,,628055,2016-12-08 10:42:21 UTC,2016-12-08 10:42:21 UTC,,,
1828577832,Closed,,,628055,2016-12-08 10:42:33 UTC,2016-12-08 10:42:33 UTC,,,
1828579038,Closed,,,628055,2016-12-08 10:42:46 UTC,2016-12-08 10:42:46 UTC,,,
1828579208,Open,,,628055,2016-12-08 10:42:47 UTC,2016-12-08 10:42:47 UTC,,,
1828580214,Closed,,,628055,2016-12-08 10:42:57 UTC,2016-12-08 10:42:57 UTC,,,
1828581149,Open,,,628055,2016-12-08 10:43:05 UTC,2016-12-08 10:43:05 UTC,,,
1828581401,Closed,,,628055,2016-12-08 10:43:08 UTC,2016-12-08 10:43:08 UTC,,,
1828586851,Closed,,,628055,2016-12-08 10:44:01 UTC,2016-12-08 10:44:01 UTC,,,
1828587054,Open,,,628055,2016-12-08 10:44:03 UTC,2016-12-08 10:44:03 UTC,,,
1828588011,Closed,,,628055,2016-12-08 10:44:12 UTC,2016-12-08 10:44:12 UTC,,,
1828582636,Closed,,,628055,2016-12-08 10:43:20 UTC,2016-12-08 10:43:20 UTC,,,
1828583834,Open,,,628055,2016-12-08 10:43:32 UTC,2016-12-08 10:43:32 UTC,,,
1828584521,Closed,,,628055,2016-12-08 10:43:39 UTC,2016-12-08 10:43:39 UTC,,,
1828584959,Open,,,628055,2016-12-08 10:43:43 UTC,2016-12-08 10:43:43 UTC,,,
1828585633,Closed,,,628055,2016-12-08 10:43:50 UTC,2016-12-08 10:43:50 UTC,,,
1828589271,Closed,,,628055,2016-12-08 10:44:25 UTC,2016-12-08 10:44:25 UTC,,,
1828590473,Closed,,,628055,2016-12-08 10:44:37 UTC,2016-12-08 10:44:37 UTC,,,
1828591587,Closed,,,628055,2016-12-08 10:44:48 UTC,2016-12-08 10:44:48 UTC,,,
1828592932,Closed,,,628055,2016-12-08 10:45:00 UTC,2016-12-08 10:45:00 UTC,,,
1828600029,Closed,,,628055,2016-12-08 10:46:09 UTC,2016-12-08 10:46:09 UTC,,,
1828601184,Closed,,,628055,2016-12-08 10:46:21 UTC,2016-12-08 10:46:21 UTC,,,
1828594228,Closed,,,628055,2016-12-08 10:45:12 UTC,2016-12-08 10:45:12 UTC,,,
1828595265,Closed,,,628055,2016-12-08 10:45:23 UTC,2016-12-08 10:45:23 UTC,,,
1828596470,Closed,,,628055,2016-12-08 10:45:35 UTC,2016-12-08 10:45:35 UTC,,,
1828596881,Open,,,628055,2016-12-08 10:45:39 UTC,2016-12-08 10:45:39 UTC,,,
1828597476,Closed,,,628055,2016-12-08 10:45:45 UTC,2016-12-08 10:45:45 UTC,,,
1828598797,Closed,,,628055,2016-12-08 10:45:57 UTC,2016-12-08 10:45:57 UTC,,,
1828606166,Closed,,,628055,2016-12-08 10:47:09 UTC,2016-12-08 10:47:09 UTC,,,
1828607358,Closed,,,628055,2016-12-08 10:47:21 UTC,2016-12-08 10:47:21 UTC,,,
1828608560,Closed,,,628055,2016-12-08 10:47:34 UTC,2016-12-08 10:47:34 UTC,,,
1828602438,Closed,,,628055,2016-12-08 10:46:33 UTC,2016-12-08 10:46:33 UTC,,,
1828617501,Closed,,,628055,2016-12-08 10:49:01 UTC,2016-12-08 10:49:01 UTC,,,
1828610937,Closed,,,628055,2016-12-08 10:47:57 UTC,2016-12-08 10:47:57 UTC,,,
1828612276,Closed,,,628055,2016-12-08 10:48:09 UTC,2016-12-08 10:48:09 UTC,,,
1828613415,Closed,,,628055,2016-12-08 10:48:21 UTC,2016-12-08 10:48:21 UTC,,,
1828616028,Closed,,,628055,2016-12-08 10:48:48 UTC,2016-12-08 10:48:48 UTC,,,
1828621137,Open,,,628055,2016-12-08 10:49:37 UTC,2016-12-08 10:49:37 UTC,,,
1828621464,Closed,,,628055,2016-12-08 10:49:40 UTC,2016-12-08 10:49:40 UTC,,,
1828622671,Closed,,,628055,2016-12-08 10:49:52 UTC,2016-12-08 10:49:52 UTC,,,
1828624024,Closed,,,628055,2016-12-08 10:50:04 UTC,2016-12-08 10:50:04 UTC,,,
1828624535,Open,,,628055,2016-12-08 10:50:09 UTC,2016-12-08 10:50:09 UTC,,,
1828625536,Closed,,,628055,2016-12-08 10:50:19 UTC,2016-12-08 10:50:19 UTC,,,
1828626776,Closed,,,628055,2016-12-08 10:50:31 UTC,2016-12-08 10:50:31 UTC,,,
1828618766,Closed,,,628055,2016-12-08 10:49:14 UTC,2016-12-08 10:49:14 UTC,,,
1828619455,Open,,,628055,2016-12-08 10:49:21 UTC,2016-12-08 10:49:21 UTC,,,
1828619963,Closed,,,628055,2016-12-08 10:49:26 UTC,2016-12-08 10:49:26 UTC,,,
1828635818,Closed,,,628055,2016-12-08 10:52:00 UTC,2016-12-08 10:52:00 UTC,,,
1828634715,Closed,,,628055,2016-12-08 10:51:50 UTC,2016-12-08 10:51:50 UTC,,,
1828627215,Open,,,628055,2016-12-08 10:50:36 UTC,2016-12-08 10:50:36 UTC,,,
1828637169,Closed,,,628055,2016-12-08 10:52:12 UTC,2016-12-08 10:52:12 UTC,,,
1828638406,Closed,,,628055,2016-12-08 10:52:24 UTC,2016-12-08 10:52:24 UTC,,,
1828639630,Closed,,,628055,2016-12-08 10:52:37 UTC,2016-12-08 10:52:37 UTC,,,
1828640655,Closed,,,628055,2016-12-08 10:52:47 UTC,2016-12-08 10:52:47 UTC,,,
1828641978,Closed,,,628055,2016-12-08 10:52:59 UTC,2016-12-08 10:52:59 UTC,,,
1828643267,Closed,,,628055,2016-12-08 10:53:12 UTC,2016-12-08 10:53:12 UTC,,,
1828651904,Closed,,,628055,2016-12-08 10:54:36 UTC,2016-12-08 10:54:36 UTC,,,
1828644434,Closed,,,628055,2016-12-08 10:53:23 UTC,2016-12-08 10:53:23 UTC,,,
1828645509,Closed,,,628055,2016-12-08 10:53:34 UTC,2016-12-08 10:53:34 UTC,,,
1828646616,Closed,,,628055,2016-12-08 10:53:45 UTC,2016-12-08 10:53:45 UTC,,,
1828647935,Closed,,,628055,2016-12-08 10:53:57 UTC,2016-12-08 10:53:57 UTC,,,
1828649161,Open,,,628055,2016-12-08 10:54:09 UTC,2016-12-08 10:54:09 UTC,,,
1828649463,Closed,,,628055,2016-12-08 10:54:12 UTC,2016-12-08 10:54:12 UTC,,,
1828650691,Closed,,,628055,2016-12-08 10:54:24 UTC,2016-12-08 10:54:24 UTC,,,
1828653117,Closed,,,628055,2016-12-08 10:54:48 UTC,2016-12-08 10:54:48 UTC,,,
1828653605,Open,,,628055,2016-12-08 10:54:52 UTC,2016-12-08 10:54:52 UTC,,,
1828654399,Closed,,,628055,2016-12-08 10:55:00 UTC,2016-12-08 10:55:00 UTC,,,
1828655688,Closed,,,628055,2016-12-08 10:55:12 UTC,2016-12-08 10:55:12 UTC,,,
1828656187,Open,,,628055,2016-12-08 10:55:17 UTC,2016-12-08 10:55:17 UTC,,,
1828656929,Closed,,,628055,2016-12-08 10:55:25 UTC,2016-12-08 10:55:25 UTC,,,
1828658089,Closed,,,628055,2016-12-08 10:55:36 UTC,2016-12-08 10:55:36 UTC,,,
1828666548,Closed,,,628055,2016-12-08 10:56:58 UTC,2016-12-08 10:56:58 UTC,,,
1828667921,Closed,,,628055,2016-12-08 10:57:11 UTC,2016-12-08 10:57:11 UTC,,,
1828660959,Open,,,628055,2016-12-08 10:56:04 UTC,2016-12-08 10:56:04 UTC,,,
1828661339,Closed,,,628055,2016-12-08 10:56:07 UTC,2016-12-08 10:56:07 UTC,,,
1828662016,Open,,,628055,2016-12-08 10:56:14 UTC,2016-12-08 10:56:14 UTC,,,
1828662372,Closed,,,628055,2016-12-08 10:56:18 UTC,2016-12-08 10:56:18 UTC,,,
1828663084,Open,,,628055,2016-12-08 10:56:24 UTC,2016-12-08 10:56:24 UTC,,,
1828664005,Closed,,,628055,2016-12-08 10:56:33 UTC,2016-12-08 10:56:33 UTC,,,
1828665206,Closed,,,628055,2016-12-08 10:56:45 UTC,2016-12-08 10:56:45 UTC,,,
1828674306,Closed,,,628055,2016-12-08 10:58:13 UTC,2016-12-08 10:58:13 UTC,,,
1828675577,Closed,,,628055,2016-12-08 10:58:26 UTC,2016-12-08 10:58:26 UTC,,,
1828676239,Open,,,628055,2016-12-08 10:58:32 UTC,2016-12-08 10:58:32 UTC,,,
1828669169,Closed,,,628055,2016-12-08 10:57:23 UTC,2016-12-08 10:57:23 UTC,,,
1828673033,Closed,,,628055,2016-12-08 10:58:01 UTC,2016-12-08 10:58:01 UTC,,,
1828676660,Closed,,,628055,2016-12-08 10:58:36 UTC,2016-12-08 10:58:36 UTC,,,
1828677710,Closed,,,628055,2016-12-08 10:58:47 UTC,2016-12-08 10:58:47 UTC,,,
1831578046,Closed,,,628055,2016-12-08 18:47:45 UTC,2016-12-08 18:47:45 UTC,,,
1831578550,Open,,,628055,2016-12-08 18:47:50 UTC,2016-12-08 18:47:50 UTC,,,
1831579580,Open,,,628055,2016-12-08 18:48:01 UTC,2016-12-08 18:48:01 UTC,,,
1831580708,Open,,,628055,2016-12-08 18:48:11 UTC,2016-12-08 18:48:11 UTC,,,
1831573908,Open,,,628055,2016-12-08 18:47:07 UTC,2016-12-08 18:47:07 UTC,,,
1831574991,Closed,,,628055,2016-12-08 18:47:17 UTC,2016-12-08 18:47:17 UTC,,,
1831575122,Open,,,628055,2016-12-08 18:47:18 UTC,2016-12-08 18:47:18 UTC,,,
1831576307,Open,,,628055,2016-12-08 18:47:29 UTC,2016-12-08 18:47:29 UTC,,,
1831577414,Open,,,628055,2016-12-08 18:47:39 UTC,2016-12-08 18:47:39 UTC,,,
1831589618,Open,,,628055,2016-12-08 18:49:35 UTC,2016-12-08 18:49:35 UTC,,,
1831590711,Open,,,628055,2016-12-08 18:49:45 UTC,2016-12-08 18:49:45 UTC,,,
1831581894,Open,,,628055,2016-12-08 18:48:21 UTC,2016-12-08 18:48:21 UTC,,,
1831583004,Open,,,628055,2016-12-08 18:48:32 UTC,2016-12-08 18:48:32 UTC,,,
1831583563,Closed,,,628055,2016-12-08 18:48:37 UTC,2016-12-08 18:48:37 UTC,,,
1831584121,Open,,,628055,2016-12-08 18:48:42 UTC,2016-12-08 18:48:42 UTC,,,
1831585158,Open,,,628055,2016-12-08 18:48:53 UTC,2016-12-08 18:48:53 UTC,,,
1831585963,Closed,,,628055,2016-12-08 18:49:00 UTC,2016-12-08 18:49:00 UTC,,,
1831586242,Open,,,628055,2016-12-08 18:49:03 UTC,2016-12-08 18:49:03 UTC,,,
1831587231,Closed,,,628055,2016-12-08 18:49:13 UTC,2016-12-08 18:49:13 UTC,,,
1831587361,Open,,,628055,2016-12-08 18:49:14 UTC,2016-12-08 18:49:14 UTC,,,
1831588528,Open,,,628055,2016-12-08 18:49:24 UTC,2016-12-08 18:49:24 UTC,,,
1831591718,Open,,,628055,2016-12-08 18:49:55 UTC,2016-12-08 18:49:55 UTC,,,
1831592019,Closed,,,628055,2016-12-08 18:49:58 UTC,2016-12-08 18:49:58 UTC,,,
1831593181,Open,,,628055,2016-12-08 18:50:09 UTC,2016-12-08 18:50:09 UTC,,,
1831603459,Open,,,628055,2016-12-08 18:51:47 UTC,2016-12-08 18:51:47 UTC,,,
1831604274,Closed,,,628055,2016-12-08 18:51:54 UTC,2016-12-08 18:51:54 UTC,,,
1831604578,Open,,,628055,2016-12-08 18:51:57 UTC,2016-12-08 18:51:57 UTC,,,
1831598876,Open,,,628055,2016-12-08 18:51:04 UTC,2016-12-08 18:51:04 UTC,,,
1831599484,Closed,,,628055,2016-12-08 18:51:10 UTC,2016-12-08 18:51:10 UTC,,,
1831600086,Open,,,628055,2016-12-08 18:51:15 UTC,2016-12-08 18:51:15 UTC,,,
1831601185,Open,,,628055,2016-12-08 18:51:25 UTC,2016-12-08 18:51:25 UTC,,,
1831601625,Closed,,,628055,2016-12-08 18:51:29 UTC,2016-12-08 18:51:29 UTC,,,
1831602349,Open,,,628055,2016-12-08 18:51:36 UTC,2016-12-08 18:51:36 UTC,,,
1831605744,Open,,,628055,2016-12-08 18:52:08 UTC,2016-12-08 18:52:08 UTC,,,
1831606865,Open,,,628055,2016-12-08 18:52:18 UTC,2016-12-08 18:52:18 UTC,,,
1831607960,Open,,,628055,2016-12-08 18:52:28 UTC,2016-12-08 18:52:28 UTC,,,
1831608645,Closed,,,628055,2016-12-08 18:52:35 UTC,2016-12-08 18:52:35 UTC,,,
1831609044,Open,,,628055,2016-12-08 18:52:39 UTC,2016-12-08 18:52:39 UTC,,,
1831609953,Closed,,,628055,2016-12-08 18:52:47 UTC,2016-12-08 18:52:47 UTC,,,
1831610176,Open,,,628055,2016-12-08 18:52:50 UTC,2016-12-08 18:52:50 UTC,,,
1831611285,Open,,,628055,2016-12-08 18:53:00 UTC,2016-12-08 18:53:00 UTC,,,
1831605573,Closed,,,628055,2016-12-08 18:52:06 UTC,2016-12-08 18:52:06 UTC,,,
1831614649,Closed,,,628055,2016-12-08 18:53:32 UTC,2016-12-08 18:53:32 UTC,,,
1831614780,Open,,,628055,2016-12-08 18:53:33 UTC,2016-12-08 18:53:33 UTC,,,
1831615782,Closed,,,628055,2016-12-08 18:53:43 UTC,2016-12-08 18:53:43 UTC,,,
1831615976,Open,,,628055,2016-12-08 18:53:44 UTC,2016-12-08 18:53:44 UTC,,,
1831617043,Closed,,,628055,2016-12-08 18:53:55 UTC,2016-12-08 18:53:55 UTC,,,
1831617190,Open,,,628055,2016-12-08 18:53:56 UTC,2016-12-08 18:53:56 UTC,,,
1831618337,Closed,,,628055,2016-12-08 18:54:07 UTC,2016-12-08 18:54:07 UTC,,,
1831611564,Closed,,,628055,2016-12-08 18:53:03 UTC,2016-12-08 18:53:03 UTC,,,
1831612383,Open,,,628055,2016-12-08 18:53:11 UTC,2016-12-08 18:53:11 UTC,,,
1831613500,Closed,,,628055,2016-12-08 18:53:22 UTC,2016-12-08 18:53:22 UTC,,,
1831613671,Open,,,628055,2016-12-08 18:53:23 UTC,2016-12-08 18:53:23 UTC,,,
1831620701,Open,,,628055,2016-12-08 18:54:29 UTC,2016-12-08 18:54:29 UTC,,,
1831620826,Closed,,,628055,2016-12-08 18:54:30 UTC,2016-12-08 18:54:30 UTC,,,
1831621794,Open,,,628055,2016-12-08 18:54:39 UTC,2016-12-08 18:54:39 UTC,,,
1831622236,Closed,,,628055,2016-12-08 18:54:44 UTC,2016-12-08 18:54:44 UTC,,,
1831623076,Open,,,628055,2016-12-08 18:54:52 UTC,2016-12-08 18:54:52 UTC,,,
1831623463,Closed,,,628055,2016-12-08 18:54:56 UTC,2016-12-08 18:54:56 UTC,,,
1831624119,Open,,,628055,2016-12-08 18:55:02 UTC,2016-12-08 18:55:02 UTC,,,
1831618456,Open,,,628055,2016-12-08 18:54:08 UTC,2016-12-08 18:54:08 UTC,,,
1831619576,Open,,,628055,2016-12-08 18:54:19 UTC,2016-12-08 18:54:19 UTC,,,
1831630470,Open,,,628055,2016-12-08 18:56:04 UTC,2016-12-08 18:56:04 UTC,,,
1831630799,Closed,,,628055,2016-12-08 18:56:07 UTC,2016-12-08 18:56:07 UTC,,,
1831624769,Closed,,,628055,2016-12-08 18:55:09 UTC,2016-12-08 18:55:09 UTC,,,
1831635126,Open,,,628055,2016-12-08 18:56:47 UTC,2016-12-08 18:56:47 UTC,,,
1831635727,Closed,,,628055,2016-12-08 18:56:52 UTC,2016-12-08 18:56:52 UTC,,,
1831636257,Open,,,628055,2016-12-08 18:56:58 UTC,2016-12-08 18:56:58 UTC,,,
1831637378,Open,,,628055,2016-12-08 18:57:09 UTC,2016-12-08 18:57:09 UTC,,,
1831631617,Open,,,628055,2016-12-08 18:56:15 UTC,2016-12-08 18:56:15 UTC,,,
1831632206,Closed,,,628055,2016-12-08 18:56:20 UTC,2016-12-08 18:56:20 UTC,,,
1831632835,Open,,,628055,2016-12-08 18:56:26 UTC,2016-12-08 18:56:26 UTC,,,
1831633962,Open,,,628055,2016-12-08 18:56:36 UTC,2016-12-08 18:56:36 UTC,,,
1831634478,Closed,,,628055,2016-12-08 18:56:41 UTC,2016-12-08 18:56:41 UTC,,,
1831642983,Open,,,628055,2016-12-08 18:58:02 UTC,2016-12-08 18:58:02 UTC,,,
1831643968,Closed,,,628055,2016-12-08 18:58:11 UTC,2016-12-08 18:58:11 UTC,,,
1831644091,Open,,,628055,2016-12-08 18:58:13 UTC,2016-12-08 18:58:13 UTC,,,
1831638418,Open,,,628055,2016-12-08 18:57:19 UTC,2016-12-08 18:57:19 UTC,,,
1831638712,Closed,,,628055,2016-12-08 18:57:21 UTC,2016-12-08 18:57:21 UTC,,,
1831639584,Open,,,628055,2016-12-08 18:57:30 UTC,2016-12-08 18:57:30 UTC,,,
1831640081,Closed,,,628055,2016-12-08 18:57:35 UTC,2016-12-08 18:57:35 UTC,,,
1831640770,Open,,,628055,2016-12-08 18:57:41 UTC,2016-12-08 18:57:41 UTC,,,
1831641897,Open,,,628055,2016-12-08 18:57:52 UTC,2016-12-08 18:57:52 UTC,,,
1831642299,Closed,,,628055,2016-12-08 18:57:56 UTC,2016-12-08 18:57:56 UTC,,,
1831649826,Open,,,628055,2016-12-08 18:59:07 UTC,2016-12-08 18:59:07 UTC,,,
1831650414,Closed,,,628055,2016-12-08 18:59:13 UTC,2016-12-08 18:59:13 UTC,,,
1831651011,Open,,,628055,2016-12-08 18:59:18 UTC,2016-12-08 18:59:18 UTC,,,
1831651572,Closed,,,628055,2016-12-08 18:59:23 UTC,2016-12-08 18:59:23 UTC,,,
1831652164,Open,,,628055,2016-12-08 18:59:29 UTC,2016-12-08 18:59:29 UTC,,,
1831645248,Open,,,628055,2016-12-08 18:58:23 UTC,2016-12-08 18:58:23 UTC,,,
1831645543,Closed,,,628055,2016-12-08 18:58:26 UTC,2016-12-08 18:58:26 UTC,,,
1831646324,Open,,,628055,2016-12-08 18:58:34 UTC,2016-12-08 18:58:34 UTC,,,
1831646952,Closed,,,628055,2016-12-08 18:58:40 UTC,2016-12-08 18:58:40 UTC,,,
1831647476,Open,,,628055,2016-12-08 18:58:45 UTC,2016-12-08 18:58:45 UTC,,,
1831648590,Open,,,628055,2016-12-08 18:58:55 UTC,2016-12-08 18:58:55 UTC,,,
1831648734,Closed,,,628055,2016-12-08 18:58:57 UTC,2016-12-08 18:58:57 UTC,,,
1831659065,Closed,,,628055,2016-12-08 19:00:34 UTC,2016-12-08 19:00:34 UTC,,,
1831656585,Closed,,,628055,2016-12-08 19:00:11 UTC,2016-12-08 19:00:11 UTC,,,
1831656747,Open,,,628055,2016-12-08 19:00:12 UTC,2016-12-08 19:00:12 UTC,,,
1831657779,Closed,,,628055,2016-12-08 19:00:22 UTC,2016-12-08 19:00:22 UTC,,,
1831657933,Open,,,628055,2016-12-08 19:00:23 UTC,2016-12-08 19:00:23 UTC,,,
1831653135,Open,,,628055,2016-12-08 18:59:39 UTC,2016-12-08 18:59:39 UTC,,,
1831654259,Open,,,628055,2016-12-08 18:59:49 UTC,2016-12-08 18:59:49 UTC,,,
1831654383,Closed,,,628055,2016-12-08 18:59:51 UTC,2016-12-08 18:59:51 UTC,,,
1831655511,Open,,,628055,2016-12-08 19:00:01 UTC,2016-12-08 19:00:01 UTC,,,
1831660317,Open,,,628055,2016-12-08 19:00:45 UTC,2016-12-08 19:00:45 UTC,,,
1831660446,Closed,,,628055,2016-12-08 19:00:47 UTC,2016-12-08 19:00:47 UTC,,,
1831661429,Open,,,628055,2016-12-08 19:00:56 UTC,2016-12-08 19:00:56 UTC,,,
1831662125,Closed,,,628055,2016-12-08 19:01:02 UTC,2016-12-08 19:01:02 UTC,,,
1831662707,Open,,,628055,2016-12-08 19:01:08 UTC,2016-12-08 19:01:08 UTC,,,
1831663843,Closed,,,628055,2016-12-08 19:01:18 UTC,2016-12-08 19:01:18 UTC,,,
1831663989,Open,,,628055,2016-12-08 19:01:20 UTC,2016-12-08 19:01:20 UTC,,,
1831665125,Open,,,628055,2016-12-08 19:01:30 UTC,2016-12-08 19:01:30 UTC,,,
1831665263,Closed,,,628055,2016-12-08 19:01:32 UTC,2016-12-08 19:01:32 UTC,,,
1831659199,Open,,,628055,2016-12-08 19:00:35 UTC,2016-12-08 19:00:35 UTC,,,
1831666215,Open,,,628055,2016-12-08 19:01:41 UTC,2016-12-08 19:01:41 UTC,,,
1831666350,Closed,,,628055,2016-12-08 19:01:42 UTC,2016-12-08 19:01:42 UTC,,,
1831667366,Open,,,628055,2016-12-08 19:01:51 UTC,2016-12-08 19:01:51 UTC,,,
1831668214,Closed,,,628055,2016-12-08 19:01:59 UTC,2016-12-08 19:01:59 UTC,,,
1831668486,Open,,,628055,2016-12-08 19:02:02 UTC,2016-12-08 19:02:02 UTC,,,
1831669552,Closed,,,628055,2016-12-08 19:02:12 UTC,2016-12-08 19:02:12 UTC,,,
1831669707,Open,,,628055,2016-12-08 19:02:13 UTC,2016-12-08 19:02:13 UTC,,,
1831670806,Closed,,,628055,2016-12-08 19:02:23 UTC,2016-12-08 19:02:23 UTC,,,
1831670998,Open,,,628055,2016-12-08 19:02:25 UTC,2016-12-08 19:02:25 UTC,,,
1831672077,Closed,,,628055,2016-12-08 19:02:35 UTC,2016-12-08 19:02:35 UTC,,,
1831672228,Open,,,628055,2016-12-08 19:02:37 UTC,2016-12-08 19:02:37 UTC,,,
1831677131,Open,,,628055,2016-12-08 19:03:23 UTC,2016-12-08 19:03:23 UTC,,,
1831678255,Closed,,,628055,2016-12-08 19:03:33 UTC,2016-12-08 19:03:33 UTC,,,
1831678371,Open,,,628055,2016-12-08 19:03:34 UTC,2016-12-08 19:03:34 UTC,,,
1831679528,Open,,,628055,2016-12-08 19:03:45 UTC,2016-12-08 19:03:45 UTC,,,
1831679655,Closed,,,628055,2016-12-08 19:03:46 UTC,2016-12-08 19:03:46 UTC,,,
1831673418,Open,,,628055,2016-12-08 19:02:48 UTC,2016-12-08 19:02:48 UTC,,,
1831673534,Closed,,,628055,2016-12-08 19:02:49 UTC,2016-12-08 19:02:49 UTC,,,
1831674675,Open,,,628055,2016-12-08 19:03:00 UTC,2016-12-08 19:03:00 UTC,,,
1831674828,Closed,,,628055,2016-12-08 19:03:01 UTC,2016-12-08 19:03:01 UTC,,,
1831675960,Open,,,628055,2016-12-08 19:03:12 UTC,2016-12-08 19:03:12 UTC,,,
1831676090,Closed,,,628055,2016-12-08 19:03:13 UTC,2016-12-08 19:03:13 UTC,,,
1831681329,Closed,,,628055,2016-12-08 19:04:02 UTC,2016-12-08 19:04:02 UTC,,,
1831681915,Open,,,628055,2016-12-08 19:04:07 UTC,2016-12-08 19:04:07 UTC,,,
1831683037,Open,,,628055,2016-12-08 19:04:17 UTC,2016-12-08 19:04:17 UTC,,,
1831683459,Closed,,,628055,2016-12-08 19:04:21 UTC,2016-12-08 19:04:21 UTC,,,
1831684143,Open,,,628055,2016-12-08 19:04:28 UTC,2016-12-08 19:04:28 UTC,,,
1831684548,Closed,,,628055,2016-12-08 19:04:32 UTC,2016-12-08 19:04:32 UTC,,,
1831685246,Open,,,628055,2016-12-08 19:04:39 UTC,2016-12-08 19:04:39 UTC,,,
1831685834,Closed,,,628055,2016-12-08 19:04:44 UTC,2016-12-08 19:04:44 UTC,,,
1831686510,Open,,,628055,2016-12-08 19:04:51 UTC,2016-12-08 19:04:51 UTC,,,
1831680777,Open,,,628055,2016-12-08 19:03:57 UTC,2016-12-08 19:03:57 UTC,,,
1831689785,Open,,,628055,2016-12-08 19:05:22 UTC,2016-12-08 19:05:22 UTC,,,
1831690188,Closed,,,628055,2016-12-08 19:05:26 UTC,2016-12-08 19:05:26 UTC,,,
1831690873,Open,,,628055,2016-12-08 19:05:33 UTC,2016-12-08 19:05:33 UTC,,,
1831691519,Closed,,,628055,2016-12-08 19:05:40 UTC,2016-12-08 19:05:40 UTC,,,
1831691962,Open,,,628055,2016-12-08 19:05:43 UTC,2016-12-08 19:05:43 UTC,,,
1831693041,Open,,,628055,2016-12-08 19:05:54 UTC,2016-12-08 19:05:54 UTC,,,
1831687461,Closed,,,628055,2016-12-08 19:05:00 UTC,2016-12-08 19:05:00 UTC,,,
1831687607,Open,,,628055,2016-12-08 19:05:02 UTC,2016-12-08 19:05:02 UTC,,,
1831688665,Open,,,628055,2016-12-08 19:05:12 UTC,2016-12-08 19:05:12 UTC,,,
1831688766,Closed,,,628055,2016-12-08 19:05:13 UTC,2016-12-08 19:05:13 UTC,,,
1831694060,Closed,,,628055,2016-12-08 19:06:03 UTC,2016-12-08 19:06:03 UTC,,,
1831694196,Open,,,628055,2016-12-08 19:06:04 UTC,2016-12-08 19:06:04 UTC,,,
1831695310,Open,,,628055,2016-12-08 19:06:15 UTC,2016-12-08 19:06:15 UTC,,,
1831695734,Closed,,,628055,2016-12-08 19:06:19 UTC,2016-12-08 19:06:19 UTC,,,
1831696432,Open,,,628055,2016-12-08 19:06:25 UTC,2016-12-08 19:06:25 UTC,,,
1831697570,Open,,,628055,2016-12-08 19:06:36 UTC,2016-12-08 19:06:36 UTC,,,
1831698261,Closed,,,628055,2016-12-08 19:06:42 UTC,2016-12-08 19:06:42 UTC,,,
1831703303,Open,,,628055,2016-12-08 19:07:30 UTC,2016-12-08 19:07:30 UTC,,,
1831704305,Open,,,628055,2016-12-08 19:07:40 UTC,2016-12-08 19:07:40 UTC,,,
1831704871,Closed,,,628055,2016-12-08 19:07:45 UTC,2016-12-08 19:07:45 UTC,,,
1831698700,Open,,,628055,2016-12-08 19:06:46 UTC,2016-12-08 19:06:46 UTC,,,
1831699411,Closed,,,628055,2016-12-08 19:06:53 UTC,2016-12-08 19:06:53 UTC,,,
1831699979,Open,,,628055,2016-12-08 19:06:59 UTC,2016-12-08 19:06:59 UTC,,,
1831701116,Open,,,628055,2016-12-08 19:07:09 UTC,2016-12-08 19:07:09 UTC,,,
1831702170,Open,,,628055,2016-12-08 19:07:19 UTC,2016-12-08 19:07:19 UTC,,,
1831706497,Open,,,628055,2016-12-08 19:08:01 UTC,2016-12-08 19:08:01 UTC,,,
1831707664,Open,,,628055,2016-12-08 19:08:11 UTC,2016-12-08 19:08:11 UTC,,,
1831707797,Closed,,,628055,2016-12-08 19:08:13 UTC,2016-12-08 19:08:13 UTC,,,
1831708735,Open,,,628055,2016-12-08 19:08:22 UTC,2016-12-08 19:08:22 UTC,,,
1831709833,Open,,,628055,2016-12-08 19:08:32 UTC,2016-12-08 19:08:32 UTC,,,
1831710880,Open,,,628055,2016-12-08 19:08:43 UTC,2016-12-08 19:08:43 UTC,,,
1831712023,Open,,,628055,2016-12-08 19:08:54 UTC,2016-12-08 19:08:54 UTC,,,
1831705406,Open,,,628055,2016-12-08 19:07:50 UTC,2016-12-08 19:07:50 UTC,,,
1831716474,Open,,,628055,2016-12-08 19:09:36 UTC,2016-12-08 19:09:36 UTC,,,
1831717583,Open,,,628055,2016-12-08 19:09:47 UTC,2016-12-08 19:09:47 UTC,,,
1831718660,Open,,,628055,2016-12-08 19:09:57 UTC,2016-12-08 19:09:57 UTC,,,
1831713197,Open,,,628055,2016-12-08 19:09:05 UTC,2016-12-08 19:09:05 UTC,,,
1831714308,Open,,,628055,2016-12-08 19:09:15 UTC,2016-12-08 19:09:15 UTC,,,
1831715384,Open,,,628055,2016-12-08 19:09:25 UTC,2016-12-08 19:09:25 UTC,,,
1831726664,Open,,,628055,2016-12-08 19:11:12 UTC,2016-12-08 19:11:12 UTC,,,
1831721239,Open,,,628055,2016-12-08 19:10:20 UTC,2016-12-08 19:10:20 UTC,,,
1831722314,Open,,,628055,2016-12-08 19:10:31 UTC,2016-12-08 19:10:31 UTC,,,
1831723378,Open,,,628055,2016-12-08 19:10:42 UTC,2016-12-08 19:10:42 UTC,,,
1831724448,Open,,,628055,2016-12-08 19:10:52 UTC,2016-12-08 19:10:52 UTC,,,
1831725503,Open,,,628055,2016-12-08 19:11:02 UTC,2016-12-08 19:11:02 UTC,,,
1831720010,Open,,,628055,2016-12-08 19:10:10 UTC,2016-12-08 19:10:10 UTC,,,
1831737701,Open,,,628055,2016-12-08 19:12:58 UTC,2016-12-08 19:12:58 UTC,,,
1831730993,Open,,,628055,2016-12-08 19:11:54 UTC,2016-12-08 19:11:54 UTC,,,
1831732124,Open,,,628055,2016-12-08 19:12:04 UTC,2016-12-08 19:12:04 UTC,,,
1831733264,Open,,,628055,2016-12-08 19:12:15 UTC,2016-12-08 19:12:15 UTC,,,
1831734402,Open,,,628055,2016-12-08 19:12:26 UTC,2016-12-08 19:12:26 UTC,,,
1831735548,Open,,,628055,2016-12-08 19:12:37 UTC,2016-12-08 19:12:37 UTC,,,
1831736654,Open,,,628055,2016-12-08 19:12:48 UTC,2016-12-08 19:12:48 UTC,,,
1831727753,Open,,,628055,2016-12-08 19:11:22 UTC,2016-12-08 19:11:22 UTC,,,
1831728814,Open,,,628055,2016-12-08 19:11:33 UTC,2016-12-08 19:11:33 UTC,,,
1831729858,Open,,,628055,2016-12-08 19:11:43 UTC,2016-12-08 19:11:43 UTC,,,
